query,correct
quy định đieegu kiện đầu tư kinh doanh,quy định điều kiện đầu tư kinh doanh
ủy ban nhân dân thànhh phố,ủy ban nhân dân thành phố
đề xuất dự án đâu tư hạ tầng kỹ thuật,đề xuất dự án đầu tư hạ tầng kỹ thuật
thông tư số 41/2015/tt-btc của bkọ tài chính,thông tư số 41/2015/tt-btc của bộ tài chính
công trình phòng chống luut bão,công trình phòng chống lụt bão
quy hoạch kieến trúc,quy hoạch kiến trúc
phê duyệt báo cáotài chính,phê duyệt báo cáo tài chính
phương án phân phối lơi nhuận sau thuế,phương án phân phối lợi nhuận sau thuế
cập nhật chỉnh lý hồ sơ địa chính,cập nhật chỉnh lý hồ sơ địa chính
hồ sơ đja chính,hồ sơ địa chính
dự án xây dưing cầu vượt,dự án xây dựng cầu vượt
tfi liệu bản đồ,tài liệu bản đồ
cáp giấy phép quy hoạch,cấp giấy phép quy hoạch
thẩm điịnh đề xuất dự án xây dựng,thẩm định đề xuất dự án xây dựng
công trình trung âm triển lãm quy hoạch thành phố,công trình trung tâm triển lãm quy hoạch thành phố
kiểm tra hhoạt động của doanh nghiệp,kiểm tra hoạt động của doanh nghiệp
thủ tục đăng ký danh mục duự án,thủ tục đăng ký danh mục dự án
phê duyệt kế hoạch lựa chọn nhà thzàu dự án,phê duyệt kế hoạch lựa chọn nhà thầu dự án
thiết kếs đô thị riêng,thiết kế đô thị riêng
dự án xây dựng thayy thế khối điều trị nội trú,dự án xây dựng thay thế khối điều trị nội trú
chương trìnhbình ổn thị trường,chương trình bình ổn thị trường
các mặt hàng lương thực thực phẩm thiết yếu,các mặt hàng lương thực thực phẩm thiết yếu
cấp giấy chwsng nhận quyền sử dụng đất,cấp giấy chứng nhận quyền sử dụng đất
giải quyết hồ sw,giải quyết hồ sơ
côw cấu sử dụng đất,cơ cấu sử dụng đất
kế goạch cung cấp nước sạch năm 2016,kế hoạch cung cấp nước sạch năm 2016
cônng tác phòng chống tham nhũng năm 2016,công tác phòng chống tham nhũng năm 2016
sửa chữa đườngg phú định quận 8,sửa chữa đường phú định quận 8
sử đụng kinh phí sở công thương năm 2016,sử dụng kinh phí sở công thương năm 2016
thu phí sử dụng đường bộ đối với xe môo tô,thu phí sử dụng đường bộ đối với xe mô tô
kinh phí thông tin xúc tieen năm 2016,kinh phí thông tin xúc tiến năm 2016
ngân sssch thành phố ,ngân sách thành phố 
đề nghị hỗ trợ kin phí,đề nghị hỗ trợ kinh phí
việc cấp nước cho trường gọc,việc cấp nước cho trường học
thay đổi phương án xử lý nhầ đất,thay đổi phương án xử lý nhà đất
thông tư số 178/2016/tt-btc của bộ tàfi chính,thông tư số 178/2016/tt-btc của bộ tài chính
bộ quy tắc ứg xử dành cho khách quốc tế,bộ quy tắc ứng xử dành cho khách quốc tế
hội nghị “xúc tiến đầu tư vago tỉnh cà mau”,hội nghị “xúc tiến đầu tư vào tỉnh cà mau”
góp ý dự thảo thông tư của bộ tà chính,góp ý dự thảo thông tư của bộ tài chính
pát động thị trường,phát động thị trường
hoỗ trợ kinh phí,hỗ trợ kinh phí
hạch toán tài sàn,hạch toán tài sản
dự án hợp tác kỹ thuật,dự án hợp tác kỹ thuật
cán bộ quân đoji,cán bộ quân đội
phát triewrn thị trường,phát triển thị trường
khoa học và côong nghệ,khoa học và công nghệ
nguồn kinh phií,nguồn kinh phí
cải cách tiền lưwng,cải cách tiền lương
ti bổ tôn tạo di tích,tu bổ tôn tạo di tích
rác tại các tuyến kêênh,rác tại các tuyến kênh
tần lễ thu gom chất thải,tuần lễ thu gom chất thải
cai cách hành chính,cải cách hành chính
phần mềm quản llý,phần mềm quản lý
cơ swr dữ liệu,cơ sở dữ liệu
khí túợng thủy văn,khí tượng thủy văn
kế hoạch thu nhận anh viễn thám năm 2017,kế hoạch thu nhận ảnh viễn thám năm 2017
thu gom chất thải răn,thu gom chất thải rắn
kiên kết đào tạo,liên kết đào tạo
bofi thường hoán đổi đất,bồi thường hoán đổi đất
tài khoản nộp ngân sách,tài khoản nộp ngân sách
bồ thường các khu đất,bồi thường các khu đất
công trìfnh hạ tầng,công trình hạ tầng
cjỉ thị 10/2013/ct-ubndtp,chỉ thị 10/2013/ct-ubndtp
hồ sơ đăngg ký,hồ sơ đăng ký
bộ tài chksnh,bộ tài chính
hoán đổi nhat đất,hoán đổi nhà đất
bảo hiểm xã hội,bảo hiểm xã hội
sử dụngxe công,sử dụng xe công
qux hỗ trợ sắp xếp doanh nghiệp,quỹ hỗ trợ sắp xếp doanh nghiệp
quản lyd nước sạch,quản lý nước sạch
hập dữ liệu lý lịch tư pháp,nhập dữ liệu lý lịch tư pháp
công tác đqwjc xá năm 2016,công tác đặc xá năm 2016
dự tósn kinh phí đào tạo,dự toán kinh phí đào tạo
sở nội vụ,sở nội vụ
thủ tướbg chính phủ,thủ tướng chính phủ
xử lý vi phạm hành chính,xử lý vi phạm hành chính
thhanh tra chuyên đề,thanh tra chuyên đề
xin gia hạn thời giann,xin gia hạn thời gian
cơ sở sảrn xuât,cơ sở sản xuât
bảo veệ môi trường,bảo vệ môi trường
bìnu xét thi đua năm 2016,bình xét thi đua năm 2016
bầu chọn cụm trưởng cụm thi đua nnăm 2017,bầu chọn cụm trưởng cụm thi đua năm 2017
hôhi đồng nhân dân,hội đồng nhân dân
hỗ trợ kinh phí bồi thườjg,hỗ trợ kinh phí bồi thường
giải tỏa cơ sở đất,giải tỏa cơ sở đất
viện kiểm sátnhân dân,viện kiểm sát nhân dân
khen thưởng đột xxuất,khen thưởng đột xuất
đội quản lýs thị trường,đội quản lý thị trường
nghỉ tết dương liịch,nghỉ tết dương lịch
dưu toán thu chi bql dự án 2016,dự toán thu chi bql dự án 2016
xây dựng kho dữ liệu dùng chung,xây dựng kho dữ liệu dùng chung
cấp giấy phép quy hoạdh,cấp giấy phép quy hoạch
dự á xây dựng bến xe buýt,dự án xây dựng bến xe buýt
bấo cáo lương 2016,báo cáo lương 2016
tieền thưởng tết 2017,tiền thưởng tết 2017
quyeeat toán dự án,quyết toán dự án
đại biểu quốc hoội,đại biểu quốc hội
gổ sung kinh phí,bổ sung kinh phí
tăng chế độ chính sáchh,tăng chế độ chính sách
cong tác giải quyết khiếu nại tố cáo,công tác giải quyết khiếu nại tố cáo
trânt tự an toàn giao thông năm 2017,trật tự an toàn giao thông năm 2017
phòng cống hiv/aids,phòng chống hiv/aids
hội nghị cán bộ cong chức viên chức năm 2017,hội nghị cán bộ công chức viên chức năm 2017
thanh lý thsso dỡ chung cư cũ,thanh lý tháo dỡ chung cư cũ
góp ý dhwj thảo,góp ý dự thảo
thông tư hướn dẫn,thông tư hướng dẫn
chứng twf thu phí lệ phí,chứng từ thu phí lệ phí
đaầu tư xây dựng ,đầu tư xây dựng 
điiều chỉnh thời gian đầu tư dự án mua 10 ca nô cao tốc,điều chỉnh thời gian đầu tư dự án mua 10 ca nô cao tốc
bák cáo công tác tư pháp quý 4,báo cáo công tác tư pháp quý 4
thuế giá trị ga tăng,thuế giá trị gia tăng
cho thuê hà thuộc sở hữu nhà nước,cho thuê nhà thuộc sở hữu nhà nước
dự toán kinh phhí đầu tư,dự toán kinh phí đầu tư
thông tư qản lý ngân sách xã,thông tư quản lý ngân sách xã
ở y tế,sở y tế
báp cáo itpc,báo cáo itpc
phân bổ kinh phs,phân bổ kinh phí
chương trình sức khỏe thànnh phố năm 2016,chương trình sức khỏe thành phố năm 2016
tình hình thi hành pháp luật năm 2016,tình hình thi hành pháp luật năm 2016
dựj án đầu tư nâng cấp mở rộng đường,dự án đầu tư nâng cấp mở rộng đường
giải phóng mặt bằfng,giải phóng mặt bằng
dự án đâtu tư xây dựng khu dân cư,dự án đầu tư xây dựng khu dân cư
kinh phí khen thươwrng,kinh phí khen thưởng
sử dụnt đất theo quy hoạch,sử dụng đất theo quy hoạch
cấp giấy vhứng nhận quyền sử dụng đất,cấp giấy chứng nhận quyền sử dụng đất
quyền sở hữu nhà ở và tài sản,quyền sở hữu nhà ở và tài sản
dự thảo thopng tư,dự thảo thông tư
lệ phí trước bak,lệ phí trước bạ
vi phạm hành hính,vi phạm hành chính
quản lý thanh quyết toán nguoồn vốn đầu tư,quản lý thanh quyết toán nguồn vốn đầu tư
nguôn vốn đầu tư,nguồn vốn đầu tư
mông thôn mới,nông thôn mới
báo cáo tiến độ thực hiện,báo cáo tiến độ thực hiện
duqj án đầu tư xây dựng,dự án đầu tư xây dựng
bảo đảm an toàn rhực phẩm,bảo đảm an toàn thực phẩm
xử lý nhười nghiện ma túy,xử lý người nghiện ma túy
dự án nâng cấp kênh đông củ chi,dự án nâng cấp kênh đông củ chi
thời hạn nộp tờ khai nộp thúé,thời hạn nộp tờ khai nộp thuế
dự án xây dựng,dự án xây dựng
kết luận hanh tra số 158/kl-ttcp,kết luận thanh tra số 158/kl-ttcp
danh mục cơ sở gây ô nhiễm môi trường,danh mục cơ sở gây ô nhiễm môi trường
ô nhiễm mmôi trường,ô nhiễm môi trường
quản lý giáo dục nghề nghiệp,quản lý giáo dục nghề nghiệp
xư lý thông tin phản ánh,xử lý thông tin phản ánh
tình hình ảnh hưởng của đợt tfiều cường,tình hình ảnh hưởng của đợt triều cường
cải cách thủ tụjc hành chính,cải cách thủ tục hành chính
thủ tục hfnh chính,thủ tục hành chính
công nhận quyền sử djjng đất,công nhận quyền sử dụng đất
cơ sở tôn ggiáo,cơ sở tôn giáo
triển khai thi hfnh luật,triển khai thi hành luật
luật khí tượng thhủy văn,luật khí tượng thủy văn
bộ tài bguyên và môi trường,bộ tài nguyên và môi trường
triển khai thực hiện quyết đjnh,triển khai thực hiện quyết định
giải quyết kiến nghhị doanh nghiệp,giải quyết kiến nghị doanh nghiệp
khu nông nghiệp công nghệ ao,khu nông nghiệp công nghệ cao
quản lý nhạn diện,quản lý nhận diện
truy xuất nguồn gosc thịt heo,truy xuất nguồn gốc thịt heo
khu công nghiẻjp,khu công nghiệp
bảo vệ môi trjwờng,bảo vệ môi trường
luật hộ tjch,luật hộ tịch
giải quyết khiếu nnại tố cáo,giải quyết khiếu nại tố cáo
qjản lý cấp nước sạch,quản lý cấp nước sạch
cung cấp nước sạch,cung cấp nước sạch
nhu cầu vayvốn của doanh nghiệp,nhu cầu vay vốn của doanh nghiệp
đầu tư dự án xây dựng,đầu tư dự án xây dựng
an toàn giao thhông,an toàn giao thông
vệ sinh môi trườngg,vệ sinh môi trường
quy hoạch phát triển ngồn điện,quy hoạch phát triển nguồn điện
chất rhải rắn,chất thải rắn
phân cấp quản lý hệ thống thoát nước,phân cấp quản lý hệ thống thoát nước
hệ thôang thoát nước,hệ thống thoát nước
bồi thườn di dời,bồi thường di dời
hệ thống cấp nwớc,hệ thống cấp nước
cấm dừng đdỗ xe,cấm dừng đỗ xe
thu hokfi đất,thu hồi đất
cính sách hỗ trợ phát triển doanh nghiệp,chính sách hỗ trợ phát triển doanh nghiệp
sửa chữa các công trình trụ sở cơ quan hành chísnh nhà nước,sửa chữa các công trình trụ sở cơ quan hành chính nhà nước
cấp goấy phép kinh doanh,cấp giấy phép kinh doanh
cai tạo cây xanh,cải tạo cây xanh
cập nhật chỉnh lý hồ sôw địa chính,cập nhật chỉnh lý hồ sơ địa chính
thủ tục xây dựng văn bản quy phạm páp luật,thủ tục xây dựng văn bản quy phạm pháp luật
quy hoạc đô thị,quy hoạch đô thị
tiến độ quyeet toán công trình,tiến độ quyết toán công trình
dhuyển đơn tố cáo,chuyển đơn tố cáo
xử lý người nghiện ma túy,xử lý người nghiện ma túy
tình hìjh cấp nước sạch,tình hình cấp nước sạch
an tofn thực phẩm,an toàn thực phẩm
cấp giấy phép xazy dựng công trình,cấp giấy phép xây dựng công trình
chwơng trình nước sạch,chương trình nước sạch
ệ sinh môi trường nông thôn,vệ sinh môi trường nông thôn
kê khai iá cước vận tải,kê khai giá cước vận tải
cấp giấy phếp quy hoạch,cấp giấy phép quy hoạch
rung tâm giáo dục quốc phòng an ninh,trung tâm giáo dục quốc phòng an ninh
xác đinh phương án giá đất,xác định phương án giá đất
phòng chốg cháy nổ,phòng chống cháy nổ
cung cqáp điện,cung cấp điện
định mức chhi quản lý hành chính năm 2017,định mức chi quản lý hành chính năm 2017
kinh ohí đầu tư xây dựng,kinh phí đầu tư xây dựng
công tác cải cách hành chính năwm 2016,công tác cải cách hành chính năm 2016
định giátài sản,định giá tài sản
chuyển mục đích sử dụng đất,chuyển mục đích sử dụng đất
báo cáo torng kết,báo cáo tổng kết
công tác văn phòg,công tác văn phòng
gổng vốn đầu tư,tổng vốn đầu tư
công trình xây dựng,công trình xây dựng
xử lý hành vi gây ôo nhiễm môi trường,xử lý hành vi gây ô nhiễm môi trường
hồ sơ cấp giấy chứng nận,hồ sơ cấp giấy chứng nhận
quyền sử djng đất,quyền sử dụng đất
ssửa chữa quốc lộ 1,sửa chữa quốc lộ 1
nhà thầu dwj án,nhà thầu dự án
cấmm dừng xe và đỗ xe,cấm dừng xe và đỗ xe
hojt động sản xuất kinh doanh,hoạt động sản xuất kinh doanh
xử lý qiỹ nhà,xử lý quỹ nhà
chứng nhận đăng ký thế châp,chứng nhận đăng ký thế chấp
danh mụd dự án,danh mục dự án
chuyển mục đícb đất lúa,chuyển mục đích đất lúa
thẩm định giá trị quyền sử dụng đất,thẩm định giá trị quyền sử dụng đất
thiết kế cây xanh ái lập,thiết kế cây xanh tái lập
cấp chưwng nhận điều kiện kinh doanh,cấp chứng nhận điều kiện kinh doanh
kế hoạch bảo vệ moi trường,kế hoạch bảo vệ môi trường
công ác giải quyết khiếu nại tố cáo,công tác giải quyết khiếu nại tố cáo
công nhận quyền sử dụng đdất,công nhận quyền sử dụng đất
công ác dân vận,công tác dân vận
kế hoach thanh tra,kế hoạch thanh tra
chính sách của đẩng,chính sách của đảng
phátt triển kinh tế,phát triển kinh tế
ngfnh công thương,ngành công thương
khấu ttrừ tiền thuế đất,khấu trừ tiền thuế đất
chii phí kiểm toán,chi phí kiểm toán
ự án bồi thường,dự án bồi thường
giải quyeet khiếu nại,giải quyết khiếu nại
tái định cư,tái định cư
đồ án qu hoạch,đồ án quy hoạch
tổng cục cảnhsát,tổng cục cảnh sát
giải quyết tranh chhấp,giải quyết tranh chấp
phòng cchống tham nhũng,phòng chống tham nhũng
doanh nghiệp yư nhân,doanh nghiệp tư nhân
quyỹ nhà tái định cư,quỹ nhà tái định cư
xử lý kỷ lluật,xử lý kỷ luật
đăng ký thế chwáp,đăng ký thế chấp
xây dựng công trình hạ tầng,xây dựng công trình hạ tầng
bàn giao khu đsát,bàn giao khu đất
hoán đlỏi nhà đất,hoán đổi nhà đất
quản lý đất dai,quản lý đất đai
công trình trọngg điểm,công trình trọng điểm
duqj toán gói thầu,dự toán gói thầu
khu thể dục thể tthao,khu thể dục thể thao
giấy chứng nhận đầuu tư,giấy chứng nhận đầu tư
xây dựng nông thôn mới,xây dựng nông thôn mới
cảithiện môi trường nước,cải thiện môi trường nước
vieện kiểm sát nhân dân,viện kiểm sát nhân dân
sdề án cải cách,đề án cải cách
căn cước côngg dân,căn cước công dân
đăng ý cư trú,đăng ký cư trú
dự toán thhu chi,dự toán thu chi
ngân sách thành phố,ngân sách thành phố
chywsng từ kế toán,chứng từ kế toán
teết nguyên đán,tết nguyên đán
ước thu ngân sách nhà nwớc,ước thu ngân sách nhà nước
trợ cấp thôk việc,trợ cấp thôi việc
sở tư pháp,sở tư pháp
đầu tư bất động sảnn,đầu tư bất động sản
gói thâtu tư vấn kỹ thuật,gói thầu tư vấn kỹ thuật
đảm ảo an ninh trật tự,đảm bảo an ninh trật tự
sở kế hoạxh và đầu tư,sở kế hoạch và đầu tư
phí bảo đảm hầng hải,phí bảo đảm hàng hải
quyết toán vốn đầfu tư,quyết toán vốn đầu tư
huy dộng vốn,huy động vốn
vay vốn đầu ư,vay vốn đầu tư
nảo hiểm y tế,bảo hiểm y tế
chuyển gkao tài sản,chuyển giao tài sản
hiải quyết tố cáo,giải quyết tố cáo
dự án cải thiện môi trường nước tành phố,dự án cải thiện môi trường nước thành phố
cải tạo hệthống điện,cải tạo hệ thống điện
biên bản chuyển giao chủ đầu tư,biên bản chuyển giao chủ đầu tư
cấp phép thi công cônng trình,cấp phép thi công công trình
tiền chậm nkọp thuế tncn,tiền chậm nộp thuế tncn
đề án phst triển xuất khẩu,đề án phát triển xuất khẩu
tài liệu bảrn đồ,tài liệu bản đồ
đảm bảo an toàn ggiao thông,đảm bảo an toàn giao thông
quyyết toán dự án,quyết toán dự án
tổng vệ sinh môi trươwfng,tổng vệ sinh môi trường
boộ tài chính,bộ tài chính
chi phí kkhấu trừ,chi phí khấu trừ
chất thai rắn,chất thải rắn
thu gom vận chuuển chất thải rắn,thu gom vận chuyển chất thải rắn
quân đội nhân dân việt nam,quân đội nhân dân việt nam
quản lý cán bộ colng chức,quản lý cán bộ công chức
xử lý vi phạk hành chính,xử lý vi phạm hành chính
bảo hiểm u tế,bảo hiểm y tế
biòi dưỡng cán bộ quản lý,bồi dưỡng cán bộ quản lý
dự tósn năm 2016,dự toán năm 2016
đại biểu quióc hội,đại biểu quốc hội
điều chỉnh giấy phép kin doanh,điều chỉnh giấy phép kinh doanh
cấp giấy phép xây dưwjng,cấp giấy phép xây dựng
qurn lý xử lý vật tư,quản lý xử lý vật tư
xóa đói giảm nghèô,xóa đói giảm nghèo
gia hạn giấyphép thi công,gia hạn giấy phép thi công
quuỹ tiền lương,quỹ tiền lương
đơn giá tthuê đất,đơn giá thuê đất
đầu tư theo hình thức xã hội hów,đầu tư theo hình thức xã hội hóa
tiền tạ ứng ngân sách,tiền tạm ứng ngân sách
bá cáo đánh giá tác động môi trường,báo cáo đánh giá tác động môi trường
xây dựng đôo thị,xây dựng đô thị
quyết toan vốn đầu tư dự án,quyết toán vốn đầu tư dự án
vay vốn có hỗ trợlãi,vay vốn có hỗ trợ lãi
chuuyển tiền hỗ trợ,chuyển tiền hỗ trợ
thẩm ra quyết toán dự án,thẩm tra quyết toán dự án
mã aố thuế,mã số thuế
hòng cháy chữa cháy,phòng cháy chữa cháy
an toàn thực pbẩm,an toàn thực phẩm
khu công nfhệ cao,khu công nghệ cao
ban thường vụ thành ủy,ban thường vụ thành ủy
sở khoa học và cpong nghệ,sở khoa học và công nghệ
thương mại đỉẹn tử,thương mại điện tử
ban quản lý đầu tư xây dựng,ban quản lý đầu tư xây dựng
đầu tư zây dựng nhà ở xã hội,đầu tư xây dựng nhà ở xã hội
tài liệj bản đồ,tài liệu bản đồ
hoội đồng tư vấn thuế,hội đồng tư vấn thuế
dự án xây dựg tuyến đường sắt,dự án xây dựng tuyến đường sắt
động vật quý hiếm,động vật quý hiếm
cương trình năng lượng mặt trời,chương trình năng lượng mặt trời
nhà ở xã hoji,nhà ở xã hội
xuqát nhập khẩu,xuất nhập khẩu
giiao thông vận tải,giao thông vận tải
đối tác đầi tư,đối tác đầu tư
doanh nghiệp vốn nhhà nước,doanh nghiệp vốn nhà nước
hội đdồng nhân dân thành phố,hội đồng nhân dân thành phố
giải quyết kiến nghị,giải quyết kiến nghị
khu ông nghiệp,khu công nghiệp
hô trợ đào tạo,hỗ trợ đào tạo
chuyển đổi nghề nghiệp,chuyển đổi nghề nghiệp
tìm kiếm voệc làm,tìm kiếm việc làm
đồ án quy hoạjch phân khu,đồ án quy hoạch phân khu
thu gom châet thải nguy hại,thu gom chất thải nguy hại
xóa đăng ký thế chắp,xóa đăng ký thế chấp
tái cơ câu ngành khoa học,tái cơ cấu ngành khoa học
cập nhật chỉnh lý hồ sơ địa chhính,cập nhật chỉnh lý hồ sơ địa chính
thânh niên xung phong,thanh niên xung phong
quân đội nhân dân việt nam,quân đội nhân dân việt nam
nộp tờ khhai thuế,nộp tờ khai thuế
thuế thu nhập á nhân,thuế thu nhập cá nhân
đề án truyy xuất nguồn gốc thịt heo,đề án truy xuất nguồn gốc thịt heo
quy hoạch sử dụng đất,quy hoạch sử dụng đất
bổ sung hợp đồng lao độnng,bổ sung hợp đồng lao động
vệ sinh môi trường thành phố,vệ sinh môi trường thành phố
hỗ rrợ nhà ở,hỗ trợ nhà ở
cấp phép ưu tiên cho xe tải vận chuyẻn hàng hóa,cấp phép ưu tiên cho xe tải vận chuyển hàng hóa
dưk án cải tạo,dự án cải tạo
bieean đổi khí hạu,biến đổi khí hạu
vốn viện trơwj không hoàn lại,vốn viện trợ không hoàn lại
giải ngân kế hoạch đầu tư côong,giải ngân kế hoạch đầu tư công
đề xuất dự á đầu tư cải tạo,đề xuất dự án đầu tư cải tạo
đề xuất điều hòavốn,đề xuất điều hòa vốn
dự thảo kết uận thanh tra,dự thảo kết luận thanh tra
phê duyệt đdơn giá đất,phê duyệt đơn giá đất
kết luận thanh tra tình hinh quản lý sử dụng đất,kết luận thanh tra tình hình quản lý sử dụng đất
khu cônng nghệ cao,khu công nghệ cao
bồi yhường giải phóng mặt bằng,bồi thường giải phóng mặt bằng
quỹ phát triển nhà ở,quỹ phát triển nhà ở
ban quản lý ihu công nghệ cao,ban quản lý khu công nghệ cao
dự toán công tác iểm định,dự toán công tác kiểm định
góp ý dựj thảo báo cáo sơ kết,góp ý dự thảo báo cáo sơ kết
"đề án tổng thể phaet triển thể lực, tầm vóc người việt nam","đề án tổng thể phát triển thể lực, tầm vóc người việt nam"
điều chỉnh diện tích đất thhu hồi,điều chỉnh diện tích đất thu hồi
chấ dứt hoạt động kinh doanh,chấm dứt hoạt động kinh doanh
va vốn oda,vay vốn oda
hệ thốnng chiếu sáng công cộng,hệ thống chiếu sáng công cộng
sử dụng nguồn vốn vay nưwsc ngoài,sử dụng nguồn vốn vay nước ngoài
xử lý các cơ sở gây ôo nhiễm môi trường,xử lý các cơ sở gây ô nhiễm môi trường
đảm bảo an nih trật tự,đảm bảo an ninh trật tự
điều tra đánnh giá đất đai,điều tra đánh giá đất đai
nhà hầu dự án,nhà thầu dự án
xây dựng trung tân văn hóa quận 9,xây dựng trung tâm văn hóa quận 9
xử lý công trình xây dựng không phép,xử lý công trình xây dựng không phép
sản xuất kinh doanhh dịch vụ,sản xuất kinh doanh dịch vụ
triển khai chứg thư số,triển khai chứng thư số
điềuu chỉnh quy hoạch sử dụng đất,điều chỉnh quy hoạch sử dụng đất
chuyển mục đích sử dụjg đất,chuyển mục đích sử dụng đất
văn bản đíẹn tử,văn bản điện tử
nút gjao thông vành đai 3,nút giao thông vành đai 3
tiết kế cơ sở dự án,thiết kế cơ sở dự án
xây đựng đường giao thông d15,xây dựng đường giao thông d15
xây dựng hệ thống thoát nưwớc,xây dựng hệ thống thoát nước
công tác phòng chống tham nhxng,công tác phòng chống tham nhũng
khu trang trại nuôi trồng thry sản,khu trang trại nuôi trồng thủy sản
dự án cao ốc nhà ởr,dự án cao ốc nhà ở
bảo tồn da dạng sinh học,bảo tồn đa dạng sinh học
giải quyết đơn liến nghị của các doanh nghiệp,giải quyết đơn kiến nghị của các doanh nghiệp
sàn trumg tâm thương mại,sàn trung tâm thương mại
tiếp nhận dữ lieệu giám sát hành trình,tiếp nhận dữ liệu giám sát hành trình
chống tệ nạn ma tuý mmại dâm,chống tệ nạn ma tuý mại dâm
câp phép thi công,cấp phép thi công
thiết kee đô thị riêng,thiết kế đô thị riêng
dự án đầu tư xây dựngbệnh viện đa khoa,dự án đầu tư xây dựng bệnh viện đa khoa
ohương án tổ chức giao thông phù hợp,phương án tổ chức giao thông phù hợp
chế độ nghỉ hưu,chế độ nghỉ hưu
an toàn giao thônh đường bộ,an toàn giao thông đường bộ
gizri quyết đơn,giải quyết đơn
công nhận quyền sửr dụng đất,công nhận quyền sử dụng đất
cơ sở tô giáo,cơ sở tôn giáo
xử lý vi phạm về quản lý sử dụng đást đai,xử lý vi phạm về quản lý sử dụng đất đai
giải quyết khiếu nại,giải quyết khiếu nại
bảo veen trẻ em,bảo vệ trẻ em
dự án đầu tư xxây dựng trạm trung chuyển xe buýt,dự án đầu tư xây dựng trạm trung chuyển xe buýt
đầu tư jâng cấp các trạm y tế,đầu tư nâng cấp các trạm y tế
xử lý chấtt thải rắn,xử lý chất thải rắn
xử lý đơnphản ánh,xử lý đơn phản ánh
van phòng ban quản lý,văn phòng ban quản lý
ốn ngân sách nhà nước,vốn ngân sách nhà nước
chậm quyết toán vốn đầu tư,chậm quyết toán vốn đầu tư
biến đổi kkhí hậu,biến đổi khí hậu
giải quuyết ngập do triều,giải quyết ngập do triều
hồ sơ địa chhính,hồ sơ địa chính
văn bản qjy phạm pháp luật,văn bản quy phạm pháp luật
đơn vị kiểm toán đoộc lập,đơn vị kiểm toán độc lập
quyết toán kinh phí xây dựng trụ sở làm viiệc,quyết toán kinh phí xây dựng trụ sở làm việc
hoội nghị tập huấn luật đầu tư và luật doanh nghiệp,hội nghị tập huấn luật đầu tư và luật doanh nghiệp
dự tớn gói thầu tư vấn,dự toán gói thầu tư vấn
hồ sơw mời thầu,hồ sơ mời thầu
hồ soa dự thầu,hồ sơ dự thầu
phêduyệt dự toán gói thầu,phê duyệt dự toán gói thầu
vốn đều lệ,vốn điều lệ
ông tác đền bù giải phóng mặt bằng,công tác đền bù giải phóng mặt bằng
đô thị thông minh,đô thị thông minh
tuyến deường sắt đô thị,tuyến đường sắt đô thị
xây dựng trạm thông tin và hỗ trợ du lhách,xây dựng trạm thông tin và hỗ trợ du khách
cấp giấy phép cơ sở bán lẻ,cấp giấy phép cơ sở bán lẻ
cải xách hành chính,cải cách hành chính
di dời công trình hạ tầng kỹ thuậjt,di dời công trình hạ tầng kỹ thuật
kế hoạch đấu tyầu công trình,kế hoạch đấu thầu công trình
eanh mục các công trình sử dụng vốn ủy quyền năm 2017,danh mục các công trình sử dụng vốn ủy quyền năm 2017
đề xuast xây dựng nhà ở công vụ,đề xuất xây dựng nhà ở công vụ
tổngkết công tác năm 2016,tổng kết công tác năm 2016
ngành tài nguyênvà môi trường,ngành tài nguyên và môi trường
trụ sơe công an phường,trụ sở công an phường
quản lý sử dụng vũ khí vặt liệu nổ,quản lý sử dụng vũ khí vật liệu nổ
điều chỉnh mục đích sử dụng đát,điều chỉnh mục đích sử dụng đất
hồ ơ xin thuê đất,hồ sơ xin thuê đất
quản lý bảo vệ phòng cháy và chuxa cháy rừng,quản lý bảo vệ phòng cháy và chữa cháy rừng
xử phạt vi phạm hành chíjh,xử phạt vi phạm hành chính
hộ khẩu thuường trú,hộ khẩu thường trú
xử lý vi phạm vewf bảo vệ môi trường,xử lý vi phạm về bảo vệ môi trường
đề xuất khen thuởng,đề xuất khen thưởng
công tác chốn buôn lậu gian lận thương mại và hàng giả,công tác chống buôn lậu gian lận thương mại và hàng giả
bệjh viện nhi,bệnh viện nhi
hủy kết quảđấu thầu sai nguyên tắc,hủy kết quả đấu thầu sai nguyên tắc
trợ cấp cho người có côn với cách mạng,trợ cấp cho người có công với cách mạng
công tác người cao tuổi,công tác người cao tuổi
chuyển dịch lao động tuự do,chuyển dịch lao động tự do
đề á tạo nguồn nhân lực có chất lượng cao,đề án tạo nguồn nhân lực có chất lượng cao
xúc tiến đầu tư,xúc tiến đầu tư
người việt nam định cư ở nuớc ngoài,người việt nam định cư ở nước ngoài
jhu dân cư,khu dân cư
hỗ trợ nguuồn vốn đầu tư,hỗ trợ nguồn vốn đầu tư
hỗ trợ học bổng cho sinh viên,hỗ trợ học bổng cho sinh viên
quốc loj 1,quốc lộ 1
hòng chống thiên tai lụt bão,phòng chống thiên tai lụt bão
tìm kiiếm cứu nạn,tìm kiếm cứu nạn
chuyển nhượng căn hộ,chuyển nhượng căn hộ
gia hjn cấp phép thi công,gia hạn cấp phép thi công
công trình sửa chữa cầu bộ hành,công trình sửa chữa cầu bộ hành
chương trình thí điểm phân loạji chất thải rắn,chương trình thí điểm phân loại chất thải rắn
các tuyến đưoờng sắt đô thị,các tuyến đường sắt đô thị
quyhoạch kiến trúc,quy hoạch kiến trúc
sự cố hạ tầng khx thuật giao thông,sự cố hạ tầng kỹ thuật giao thông
tài sản nnhà nước,tài sản nhà nước
hoội người mù,hội người mù
phòng tránh ứng phós với áp thấp nhiệt đới,phòng tránh ứng phó với áp thấp nhiệt đới
phwơng tiện giao thông,phương tiện giao thông
ứng pó với biến đổi khí hậu,ứng phó với biến đổi khí hậu
ngườii hoạt động kháng chiến bị nhiễm chất độc hóa học,người hoạt động kháng chiến bị nhiễm chất độc hóa học
hỗ trợ chi trợ câp,hỗ trợ chi trợ cấp
hội liên hiệp phụ nữ thành phố,hội liên hiệp phụ nữ thành phố
khu liên hợp xử lý chất thải,khu liên hợp xử lý chất thải
chuẩrn bị hồ sơ tố tụng,chuẩn bị hồ sơ tố tụng
phân bổ vốn đâtu tư,phân bổ vốn đầu tư
công trình cấpnước sinh hoạt,công trình cấp nước sinh hoạt
nông nghiệp công nghrẹ cao,nông nghiệp công nghệ cao
luồng giao thông thhủy,luồng giao thông thủy
tru tặng danh hiệu vinh dự nhà nước,truy tặng danh hiệu vinh dự nhà nước
hồ sơ sử duung nguồn kinh phí dự phòng,hồ sơ sử dụng nguồn kinh phí dự phòng
thực hiiện gói thầu kiểm toán,thực hiện gói thầu kiểm toán
quy hoạch chi tiest xây dựng đô thị,quy hoạch chi tiết xây dựng đô thị
cụmcông nghiệp,cụm công nghiệp
quá cảnh hải quan,quá cảnh hải quan
quản lý cán bộ công chức viên chwsc,quản lý cán bộ công chức viên chức
sở văn hóa và thể thao,sở văn hóa và thể thao
sửa hữa tài sản,sửa chữa tài sản
bán nhà ở cũ thuộc sở hữu nhà nướv,bán nhà ở cũ thuộc sở hữu nhà nước
quy định thủ tục hành chính,quy định thủ tục hành chính
toỉ chức giao thông phục vụ thi công,tổ chức giao thông phục vụ thi công
giải pháp chống ngập,giải pháp chống ngập
công tác thu hồi khu đwát,công tác thu hồi khu đất
kinh doanh vận tải hadnh khách,kinh doanh vận tải hành khách
dự toadn bồi thường,dự toán bồi thường
giấy xsc nhận hoàn thành nghĩa vụ thuế,giấy xác nhận hoàn thành nghĩa vụ thuế
thẩm fdịnh nguồn vốn,thẩm định nguồn vốn
câan đối vốn dự án,cân đối vốn dự án
đầu tư hệ hống phòng cháy chữa cháy,đầu tư hệ thống phòng cháy chữa cháy
dạjy văn hóa dạy nghề,dạy văn hóa dạy nghề
trung tâ giáo dục thường xuyên,trung tâm giáo dục thường xuyên
chaăm dứt hợp đồng,chấm dứt hợp đồng
cải tạo tổ dhức giao thông,cải tạo tổ chức giao thông
kih phí trợ cấp thôi việc,kinh phí trợ cấp thôi việc
sở tư phãp,sở tư pháp
hội văn học nyhệ thuật,hội văn học nghệ thuật
hopj gia đình,hộ gia đình
căn hộ chung cư,căn hộ chung cư
khu dazn cư,khu dân cư
dự án kbu nhà ở,dự án khu nhà ở
thanh toán kkinh phí,thanh toán kinh phí
dự oán kinh phí,dự toán kinh phí
kinh phí chhi trợ cấp,kinh phí chi trợ cấp
hồ sơ địâ chính,hồ sơ địa chính
giao thông quốc lộ 1,giao thông quốc lộ 1
xây dựng drường song hành cao tốc,xây dựng đường song hành cao tốc
dịch vụ hành chính công,dịch vụ hành chính công
bảo vệ kết cấu hạ taầng giao thông đường bộ,bảo vệ kết cấu hạ tầng giao thông đường bộ
dự án cảii tạo thay thế thiết bị trạm 500kv,dự án cải tạo thay thế thiết bị trạm 500kv
sổ sách kế ttoán,sổ sách kế toán
giá tdị tài sản cố định,giá trị tài sản cố định
tăng vốn điều lệ của quỹ phát triển nhà ở,tăng vốn điều lệ của quỹ phát triển nhà ở
quỹ phát triển nhà oqr,quỹ phát triển nhà ở
tái địn cư,tái định cư
bồi thường giẩi phóng mặt bằng,bồi thường giải phóng mặt bằng
pyòng cảnh sát phòng cháy chữa cháy,phòng cảnh sát phòng cháy chữa cháy
thẩm định giáđất,thẩm định giá đất
đơn xjn thu hồi đất,đơn xin thu hồi đất
công ty cổ phầ đầu tư,công ty cổ phần đầu tư
thông tin và triyền thông,thông tin và truyền thông
muc tiêu quốc gia,mục tiêu quốc gia
giảrm nghèo bền vững giai đoạn 2016-2020,giảm nghèo bền vững giai đoạn 2016-2020
công tác lựa chọn nha thầu,công tác lựa chọn nhà thầu
giải xe đạp toàn qquốc,giải xe đạp toàn quốc
hồ sơ nhàđất,hồ sơ nhà đất
xây ựng nông thôn mới,xây dựng nông thôn mới
hpõ trợ lãi suất,hỗ trợ lãi suất
giải quyết khkếu nại tố cáo,giải quyết khiếu nại tố cáo
qy định quản lý tài chính,quy định quản lý tài chính
dự thảo nghị định,dự thảo nghị định
nghị đinh số 93/2009/nđ-cp,nghị định số 93/2009/nđ-cp
các sự án có vận động dân hiến đất,các dự án có vận động dân hiến đất
công trình diuch vụ,công trình dịch vụ
fiện ích công cộng,tiện ích công cộng
chậm quyết toán vốn đdầu tư,chậm quyết toán vốn đầu tư
dự án sử dụng vlón ngân sách nhà nước,dự án sử dụng vốn ngân sách nhà nước
tổng cômg ty cơ khí giao thông vận tải,tổng công ty cơ khí giao thông vận tải
sửa đổi bổ sung vác quy định liên quan đến đất đai xây dựng nhà ở đầu tư và kinh doanh,sửa đổi bổ sung các quy định liên quan đến đất đai xây dựng nhà ở đầu tư và kinh doanh
này hội quốc phòng toàn dân,ngày hội quốc phòng toàn dân
giải quyết tranh chấsp khiếu nại,giải quyết tranh chấp khiếu nại
kế hoạch phân bổ vốn thanh toáncác gói thầu,kế hoạch phân bổ vốn thanh toán các gói thầu
cải tạo hệ thoống thoát nước,cải tạo hệ thống thoát nước
nghị định về quản lý hoạt động hàng hải,nghị định về quản lý hoạt động hàng hải
cấp giấy phép cho xe chăm sóc côg viên cây xanh,cấp giấy phép cho xe chăm sóc công viên cây xanh
trung tâm quản lý đưoờng hầm sông sài gòn,trung tâm quản lý đường hầm sông sài gòn
sửa chữa nâng cấp cầu nhị thiên đường 1,sửa chữa nâng cấp cầu nhị thiên đường 1
hạn chế phương tiện giao thông thhủy,hạn chế phương tiện giao thông thủy
kế hoạch đaầu tư công năm 2017,kế hoạch đầu tư công năm 2017
điềfu kiện kinh doanh khai thác cảng biển,điều kiện kinh doanh khai thác cảng biển
chương trình huy động vốn,chương trình huy động vốn
truqờng mâm non công lập,trường mâm non công lập
người nnộp thuế không hoạt động tại địa chỉ đã đăng ký,người nộp thuế không hoạt động tại địa chỉ đã đăng ký
anh mục các dự án đầu tư công rung hạn giai đoạn 2016-2020,anh mục các dự án đầu tư công trung hạn giai đoạn 2016-2020
kê khai bổ sung,kê khai bổ sung
phương án xử lý nhà đất tzji số 70 đường nguyễn tất thành,phương án xử lý nhà đất tại số 70 đường nguyễn tất thành
ggắn mới đồng hồ nước,gắn mới đồng hồ nước
chuyển dịch cơ cấu nônng nghiệp,chuyển dịch cơ cấu nông nghiệp
nông nghiệp đô hị,nông nghiệp đô thị
tái cơ cấu ngành nông ghiệp,tái cơ cấu ngành nông nghiệp
ủy quyền cung cấp thông tin truydèn hình,ủy quyền cung cấp thông tin truyền hình
vă phòng công chứng,văn phòng công chứng
báo cáo tình hình dịch bệnh sốt xuất huyếst,báo cáo tình hình dịch bệnh sốt xuất huyết
tiếp nhận khoản vện trợ phi dự án,tiếp nhận khoản viện trợ phi dự án
xây dựjng cầu vượt,xây dựng cầu vượt
hwẹ thống xử lý nước thải tại bệnh viện huyện cần giờ,hệ thống xử lý nước thải tại bệnh viện huyện cần giờ
triển khâi nghị định số 145/2016/nđ-cp,triển khai nghị định số 145/2016/nđ-cp
báo cáo kết quả công tác tổ chức nhà ước năm 2016,báo cáo kết quả công tác tổ chức nhà nước năm 2016
lấn chiẻsm đất,lấn chiếm đất
phuơng án xử lý nhà đất,phương án xử lý nhà đất
sửa chữa đẩm bảo giao thông quốc lộ 1,sửa chữa đảm bảo giao thông quốc lộ 1
trung tâm thực hành cho nười khuyết tật và trẻ mồ côi,trung tâm thực hành cho người khuyết tật và trẻ mồ côi
nggười khuyết tật,người khuyết tật
trẻ mồ coi,trẻ mồ côi
điều kiện bồithường,điều kiện bồi thường
đại lộ đôong tây,đại lộ đông tây
khai thác khoáng ản,khai thác khoáng sản
tiến độ bồi thườn,tiến độ bồi thường
hỗ trợ tái định cư của các dự án trên địa bàn thành phố,hỗ trợ tái định cư của các dự án trên địa bàn thành phố
hợp tsc xã,hợp tác xã
cán bộ công nhân viê,cán bộ công nhân viên
phê duyyệt đơn giá đất,phê duyệt đơn giá đất
bồi thường giải phóng mặt bằng,bồi thường giải phóng mặt bằng
tỉnh loj 8,tỉnh lộ 8
phổ biếsn giáo dục pháp luật,phổ biến giáo dục pháp luật
kiểm tra xử lý vi phạm môi trường,kiểm tra xử lý vi phạm môi trường
zử lý nước ngầm,xử lý nước ngầm
chứng nhận đăng mý thế chấp,chứng nhận đăng ký thế chấp
tập kkết rác vật liệu xây dựng,tập kết rác vật liệu xây dựng
thuế bro vệ môi trường,thuế bảo vệ môi trường
khi công nghệ cao,khu công nghệ cao
trung tâm logíticss,trung tâm logistics
dự án hu công nghệ cao,dự án khu công nghệ cao
khu đô thị mới thủ thêm,khu đô thị mới thủ thiêm
văn phòng chín phủ,văn phòng chính phủ
báo cáo rà soát sắp xếp cơ wở giáo dục nghề nghiệp,báo cáo rà soát sắp xếp cơ sở giáo dục nghề nghiệp
nguồn vốn ủy quỷèn,nguồn vốn ủy quyền
danh mục các công trình sử dụng nguồn voksn ủy quyền năm 2017,danh mục các công trình sử dụng nguồn vốn ủy quyền năm 2017
cung cấp thhông tin nhà đất,cung cấp thông tin nhà đất
đầu tư nâng cấp và vận hành cqsc trạm y tế,đầu tư nâng cấp và vận hành các trạm y tế
phương tiện chưa có giá tính lệ phí trước bạ,phương tiện chưa có giá tính lệ phí trước bạ
công trình đường sắt đô thị thành phố hof chí minh,công trình đường sắt đô thị thành phố hồ chí minh
dự án cải thiện môi trường nướsc,dự án cải thiện môi trường nước
dự án cải thiện gệ thống thoát nước,dự án cải thiện hệ thống thoát nước
dự án tái địh cư giải phóng mặt bằng,dự án tái định cư giải phóng mặt bằng
bấo cáo về chỉ tiêu quy hoạch kiến trúc,báo cáo về chỉ tiêu quy hoạch kiến trúc
dự án đầu tư xây dựng khu nhà ơ,dự án đầu tư xây dựng khu nhà ở
ttường trung học cơ sở,trường trung học cơ sở
trường trung học phổ tông,trường trung học phổ thông
bán đấu giá quyền mua cổ phieeu,bán đấu giá quyền mua cổ phiếu
chức năng sử dụng đấst,chức năng sử dụng đất
chỉ tiu quy hoạch kiến trúc,chỉ tiêu quy hoạch kiến trúc
hồ sơ thiết kế cơ sở hạng mục hạ tầng kyỹ thuật,hồ sơ thiết kế cơ sở hạng mục hạ tầng kỹ thuật
hạng mục ha tầng kỹ thuật,hạng mục hạ tầng kỹ thuật
cácphương án kiến trúc cầu bộ hành trên địa bàn thành phố,các phương án kiến trúc cầu bộ hành trên địa bàn thành phố
cấp chứng chỉ quy hoạxh,cấp chứng chỉ quy hoạch
cổng thông tin điện tử tgành phố,cổng thông tin điện tử thành phố
dự án xây dựng grụ sở sở khoa học và công nghệ,dự án xây dựng trụ sở sở khoa học và công nghệ
dò tìm xử lý bom mìn vật nổ,dò tìm xử lý bom mìn vật nổ
đề xuất được là nhà thầu tbi công,đề xuất được là nhà thầu thi công
lắsp đặt dải phân cách bê tông,lắp đặt dải phân cách bê tông
ohát triển hệ thống cảng cạn,phát triển hệ thống cảng cạn
kết luạn thanh tra mua sắm trang thiết bị,kết luận thanh tra mua sắm trang thiết bị
đầu tư tổng thể dự án chỉnh trabg khu vực chung cư,đầu tư tổng thể dự án chỉnh trang khu vực chung cư
kinh phí đảm bảo trật tự an toàn giao thhông năm 2016,kinh phí đảm bảo trật tự an toàn giao thông năm 2016
mast an toàn giao thông trong quá trình thi công công trình,mất an toàn giao thông trong quá trình thi công công trình
mức lưôwng công nhật,mức lương công nhật
hội khoa học kỹ tyuật cơ khí thành phố hồ chí minh,hội khoa học kỹ thuật cơ khí thành phố hồ chí minh
khiếu nạii về hủy kết quả đấu thầu sai nguyên tắc,khiếu nại về hủy kết quả đấu thầu sai nguyên tắc
xin sửr dụng khu đất,xin sử dụng khu đất
thu hồi nợ thuế,thu hồi nợ thuế
xâay dựng công trình phụ trợ,xây dựng công trình phụ trợ
xử lý các tồn tại trong quá trình tá lập mặt đường,xử lý các tồn tại trong quá trình tái lập mặt đường
việc xin phép tiến hành nghiên cứu,việc xin phép tiến hành nghiên cứu
hướng dẫxn nộp hồ sơ,hướng dẫn nộp hồ sơ
phê duyệt đề án thành lập trug tâm giảm nghèo đa chiều,phê duyệt đề án thành lập trung tâm giảm nghèo đa chiều
danh mục các dựán cần thu hồi đất,danh mục các dự án cần thu hồi đất
danh mục duự án có sử dụng đất lúa đất rừng,danh mục dự án có sử dụng đất lúa đất rừng
chuyển hình thức sử dukng đất sang thuê đất trả tiền một lần,chuyển hình thức sử dụng đất sang thuê đất trả tiền một lần
xây dựng hệ thống cống bao và nhà máy xử lya nước thải tập trung,xây dựng hệ thống cống bao và nhà máy xử lý nước thải tập trung
đề ngjị giao đất để sử dụng vào mục đích quốc phòng,đề nghị giao đất để sử dụng vào mục đích quốc phòng
bộ tư lệnj thông tin liên lạc,bộ tư lệnh thông tin liên lạc
chhyển mục đích sử dụng đất,chuyển mục đích sử dụng đất
caấp giấy phép quy hoạch đối với khu đất số 8/6,cấp giấy phép quy hoạch đối với khu đất số 8/6
cân đối đối quyỹ nhà đất,cân đối đối quỹ nhà đất
bố tdí tái định cư,bố trí tái định cư
cấp phép thi công giai đoạ 1,cấp phép thi công giai đoạn 1
chính sách hỗ trợj lãi vay theo quyết định số 04/2016/qđ-ubnd ngày 23/02/2016,chính sách hỗ trợ lãi vay theo quyết định số 04/2016/qđ-ubnd ngày 23/02/2016
đào tạo nghề ccho lao động nông thôn,đào tạo nghề cho lao động nông thôn
thực hiện đự án giải quyết ngập do triều,thực hiện dự án giải quyết ngập do triều
khắc phục tình hình sạt lơe bờ sông,khắc phục tình hình sạt lở bờ sông
sử dụng vốn vay oda không hoàn lại của hính phủ hàn quốc,sử dụng vốn vay oda không hoàn lại của chính phủ hàn quốc
kết quả thẩm tra danh sách tih giản biên chế,kết quả thẩm tra danh sách tinh giản biên chế
thông báo bỏ địa chỉ kimh doanh,thông báo bỏ địa chỉ kinh doanh
báo cáo thống kê tổng hợp ngành giao thông vận tải năm 2016,báo cáo thống kê tổng hợp ngành giao thông vận tải năm 2016
báo cáo tổng kết công tácthanh tra kiểm tra,báo cáo tổng kết công tác thanh tra kiểm tra
báo cáo công tác tiếp dân khiếu nại tố cáo và phòng chống tham nhuũng năm 2016,báo cáo công tác tiếp dân khiếu nại tố cáo và phòng chống tham nhũng năm 2016
công tác xây dựng quy hoạch phát triển ngành thươnh mại,công tác xây dựng quy hoạch phát triển ngành thương mại
thực hiện nghĩw vụ tài chính,thực hiện nghĩa vụ tài chính
công tsc kiểm định công trình,công tác kiểm định công trình
đề nghị chấp thuận chủ ttrương đầu tư,đề nghị chấp thuận chủ trương đầu tư
công nhận chủ đầu tư dự án khu phức hợpthương mại dịch vụ văn phòng căn hộ,công nhận chủ đầu tư dự án khu phức hợp thương mại dịch vụ văn phòng căn hộ
công ty cổ phần đầu tua và xây dựng 40,công ty cổ phần đầu tư và xây dựng 40
chuyển giao chủ đầuu tư dự án,chuyển giao chủ đầu tư dự án
khấu trừ tiền bồi thưoqfng,khấu trừ tiền bồi thường
kinh doanh xăng dầu trên fdịa bàn thành phố,kinh doanh xăng dầu trên địa bàn thành phố
bàn giao dự toán ngân sách nhà nước ăm 2017,bàn giao dự toán ngân sách nhà nước năm 2017
hệ số sử dụnv đất,hệ số sử dụng đất
tờ trình dự thảo quyết địn bổ nhiệm,tờ trình dự thảo quyết định bổ nhiệm
chuyển giao công nghẻj,chuyển giao công nghệ
triển khai ứng dụng công nghệ thông tin,triển khai ứng dụng công nghệ thông tin
báo cáo kế hlạch thi công công trình,báo cáo kế hoạch thi công công trình
phương án thoái vốn của tổng công ty băn hóa sài gòn,phương án thoái vốn của tổng công ty văn hóa sài gòn
chấp thuận chủ trươnng đầu tư,chấp thuận chủ trương đầu tư
điều chỉnh chỉ tiêu quy hoạh kiến trúc,điều chỉnh chỉ tiêu quy hoạch kiến trúc
sửa chữa nâng cấp đdường,sửa chữa nâng cấp đường
hồ sơ đề nghị cấp giấy phếp kinh doanh,hồ sơ đề nghị cấp giấy phép kinh doanh
đdề xuất cấp phép thi công công trình,đề xuất cấp phép thi công công trình
an toàn vej sinh lao động,an toàn vệ sinh lao động
phúc đáp phản ánh của báo nfười lao động,phúc đáp phản ánh của báo người lao động
dịh vụ công ích thanh niên xung phong,dịch vụ công ích thanh niên xung phong
quy chế quản lý tài chísnh,quy chế quản lý tài chính
báo cáo công tác dân vậjn của cơ quan hành chính nhà nước,báo cáo công tác dân vận của cơ quan hành chính nhà nước
cơ sở tôon giáo,cơ sở tôn giáo
bộ tư oệnh thành phố,bộ tư lệnh thành phố
công nhận quyền sử cụng đất tôn giáo,công nhận quyền sử dụng đất tôn giáo
kiểrm tra giám sát công tác gia đình năm 2016,kiểm tra giám sát công tác gia đình năm 2016
đình chỉ giải quyếg khiếu nại,đình chỉ giải quyết khiếu nại
bổ sung dự oán năm 2016,bổ sung dự toán năm 2016
công tác thanhh niên năm 2016,công tác thanh niên năm 2016
